{"Labels": [], "Mosaics": {"_type": "images/separated", "width": 1920, "height": 1920, "format": "jpg", "count": 3, "filenames": ["media/images/Mosaics_0_af58c4f0b88cb3bb165a.jpg", "media/images/Mosaics_0_14f265a0d13cd12a2ef7.jpg", "media/images/Mosaics_0_54c1c794a30125b854f4.jpg"], "captions": ["train_batch0.jpg", "train_batch1.jpg", "train_batch2.jpg"]}, "train/box_loss": 0.1111840084195137, "train/obj_loss": 0.20711645483970642, "train/cls_loss": 0.029333101585507393, "metrics/precision": 0.9420210544504581, "metrics/recall": 0.014069839691810611, "metrics/mAP_0.5": 0.010142923297275504, "metrics/mAP_0.5:0.95": 0.002510341664074582, "val/box_loss": 0.10481622070074081, "val/obj_loss": 0.23275910317897797, "val/cls_loss": 0.02722928673028946, "x/lr0": 0.006661168973023392, "x/lr1": 0.006661168973023392, "x/lr2": 0.04004783563969006, "_timestamp": 1716466387.426132, "_runtime": 833.9611110687256, "_step": 1}