{"Labels": [], "Mosaics": {"_type": "images/separated", "width": 1920, "height": 1920, "format": "jpg", "count": 3, "filenames": ["media/images/Mosaics_0_55c6c1f01b0a1f4ad2fb.jpg", "media/images/Mosaics_0_a53297f89e335b434874.jpg", "media/images/Mosaics_0_f7debdb9ae7390817ff0.jpg"], "captions": ["train_batch0.jpg", "train_batch1.jpg", "train_batch2.jpg"]}, "train/box_loss": 0.07460533827543259, "train/obj_loss": 0.19676735997200012, "train/cls_loss": 0.013822957873344421, "metrics/precision": 0.4345488232967931, "metrics/recall": 0.15897448906631456, "metrics/mAP_0.5": 0.13383092632357524, "metrics/mAP_0.5:0.95": 0.055716257859204504, "val/box_loss": 0.07284734398126602, "val/obj_loss": 0.2100968062877655, "val/cls_loss": 0.014019438996911049, "x/lr0": 0.004610541968293932, "x/lr1": 0.004610541968293932, "x/lr2": 0.004610541968293932, "_timestamp": 1716521104.4818902, "_runtime": 52200.212663173676, "_step": 170, "BoundingBoxDebugger": {"_type": "images/separated", "width": 672, "height": 384, "format": "png", "count": 16, "filenames": ["media/images/BoundingBoxDebugger_149_06340922fd492ffc5672.png", "media/images/BoundingBoxDebugger_149_567c84fc3d13b76a4bd4.png", "media/images/BoundingBoxDebugger_149_b0025c8c55c804361033.png", "media/images/BoundingBoxDebugger_149_f43412fbc8806426b931.png", "media/images/BoundingBoxDebugger_149_44394a7291b2000605ab.png", "media/images/BoundingBoxDebugger_149_7591bab62e6fa4799a89.png", "media/images/BoundingBoxDebugger_149_70238c7ff12ace057d84.png", "media/images/BoundingBoxDebugger_149_ff4d454aca842b5f3b16.png", "media/images/BoundingBoxDebugger_149_0a1e7a495417a162ce7d.png", "media/images/BoundingBoxDebugger_149_991fd3b4118a1977c290.png", "media/images/BoundingBoxDebugger_149_ce69d7a19a6f5ab8a9cf.png", "media/images/BoundingBoxDebugger_149_e4e99dd13360a785eae5.png", "media/images/BoundingBoxDebugger_149_8fff04c09bc22ff148d4.png", "media/images/BoundingBoxDebugger_149_0115f9255bc95771636a.png", "media/images/BoundingBoxDebugger_149_d9cd219cffdae58be5e4.png", "media/images/BoundingBoxDebugger_149_d4eaac8959f29f1d14fa.png"], "captions": ["0024b742-acbed4fb.jpg", "77bdbeb0-e5288446.jpg", "77d72c41-e83412fd.jpg", "77f6feb6-5ab41f6a.jpg", "78029eb7-571e5613.jpg", "7814206e-a54d194a.jpg", "78149e5c-8d66a946.jpg", "78224671-bd244c60.jpg", "7825f1f3-f160e8b4.jpg", "7832aaf8-5f3e4055.jpg", "7845672e-70941703.jpg", "787d7f6f-f80b50d9.jpg", "788d8c75-f60bc92c.jpg", "7894db56-7cf87478.jpg", "7899083e-20126843.jpg", "78a2af1a-2e48e85e.jpg"], "all_boxes": [{"predictions": {"_type": "boxes2D", "sha256": "ce7dcc3269476e3e2b3837b2ec7bf81a338dc9ee97db2cc8b76262b87028ed38", "size": 71924, "path": "media/metadata/boxes2D/BoundingBoxDebugger_149_ce7dcc3269476e3e2b38.boxes2D.json"}}, {"predictions": {"_type": "boxes2D", "sha256": "fee0f4c631a09eb7be915cb602208790d5904953d58677a470d8d2585e2c74d7", "size": 71793, "path": "media/metadata/boxes2D/BoundingBoxDebugger_149_fee0f4c631a09eb7be91.boxes2D.json"}}, {"predictions": {"_type": "boxes2D", "sha256": "47e55cc9d0fa24e21cdf113636ca60928661b31710ac5cd9eb5dcec4e22f249c", "size": 71840, "path": "media/metadata/boxes2D/BoundingBoxDebugger_149_47e55cc9d0fa24e21cdf.boxes2D.json"}}, {"predictions": {"_type": "boxes2D", "sha256": "7e84421e36b386ed74f2bc03698343aea817f9cb227ced4a705646b2fc8f1ed1", "size": 71696, "path": "media/metadata/boxes2D/BoundingBoxDebugger_149_7e84421e36b386ed74f2.boxes2D.json"}}, {"predictions": {"_type": "boxes2D", "sha256": "1eb7f6962e237d87cb5f5511fe9b9148cddbc10066bd80ddd98dbfe5e43e59f1", "size": 71712, "path": "media/metadata/boxes2D/BoundingBoxDebugger_149_1eb7f6962e237d87cb5f.boxes2D.json"}}, {"predictions": {"_type": "boxes2D", "sha256": "6552081c03a52c9ee449a9d5123a1f8c7ef677541808899e2e0d051a70ef27f6", "size": 71692, "path": "media/metadata/boxes2D/BoundingBoxDebugger_149_6552081c03a52c9ee449.boxes2D.json"}}, {"predictions": {"_type": "boxes2D", "sha256": "d607817aeb2d2e3db55ea37099c582498a2fee142838c5428766072018b5b6ba", "size": 71978, "path": "media/metadata/boxes2D/BoundingBoxDebugger_149_d607817aeb2d2e3db55e.boxes2D.json"}}, {"predictions": {"_type": "boxes2D", "sha256": "18bf7cc683318b81986eb9531891166e127310fb876cd713f4cae26fc487e746", "size": 68052, "path": "media/metadata/boxes2D/BoundingBoxDebugger_149_18bf7cc683318b81986e.boxes2D.json"}}, {"predictions": {"_type": "boxes2D", "sha256": "697b7bab7c8f80646d98cf5fb1f1cf1c371daceaea6de378d944776327b55858", "size": 71837, "path": "media/metadata/boxes2D/BoundingBoxDebugger_149_697b7bab7c8f80646d98.boxes2D.json"}}, {"predictions": {"_type": "boxes2D", "sha256": "bef990b03f541ff81513a45df3b8101643a20c4228f2e14dbb79bbed2a7de386", "size": 71467, "path": "media/metadata/boxes2D/BoundingBoxDebugger_149_bef990b03f541ff81513.boxes2D.json"}}, {"predictions": {"_type": "boxes2D", "sha256": "a17e66bfb46549784b9d42025b33792deedf7c5e527a7f2d5f76ce6217b95cf4", "size": 71401, "path": "media/metadata/boxes2D/BoundingBoxDebugger_149_a17e66bfb46549784b9d.boxes2D.json"}}, {"predictions": {"_type": "boxes2D", "sha256": "753dafcdada054ea0933cba52f0c6ff73cb229a9977fbafa742bc0f046c69c82", "size": 36405, "path": "media/metadata/boxes2D/BoundingBoxDebugger_149_753dafcdada054ea0933.boxes2D.json"}}, {"predictions": {"_type": "boxes2D", "sha256": "9885ba6979ef4abff46b31629c000d6be1b353eb772d06d58f2d2f6bc9c6f39b", "size": 71482, "path": "media/metadata/boxes2D/BoundingBoxDebugger_149_9885ba6979ef4abff46b.boxes2D.json"}}, {"predictions": {"_type": "boxes2D", "sha256": "1788caffb652b7e3b2c7451979d1cadf7ebce9e8a9d696ad3298aa7c0c7eaf60", "size": 71686, "path": "media/metadata/boxes2D/BoundingBoxDebugger_149_1788caffb652b7e3b2c7.boxes2D.json"}}, {"predictions": {"_type": "boxes2D", "sha256": "1b392fa2a6ce2ff16538f1855f598f230b82873a91658213d6dd4bec06639562", "size": 71772, "path": "media/metadata/boxes2D/BoundingBoxDebugger_149_1b392fa2a6ce2ff16538.boxes2D.json"}}, {"predictions": {"_type": "boxes2D", "sha256": "dc1bf9ea229285bc95c643493fcb5793a5e3238fba49c315a08b87ebf0917a88", "size": 71783, "path": "media/metadata/boxes2D/BoundingBoxDebugger_149_dc1bf9ea229285bc95c6.boxes2D.json"}}]}}