{"Labels": [], "Mosaics": {"_type": "images/separated", "width": 1920, "height": 1920, "format": "jpg", "count": 3, "filenames": ["media/images/Mosaics_0_99b25acf6a11f3eaaeae.jpg", "media/images/Mosaics_0_7dcc0c442cc8d3e0d2c2.jpg", "media/images/Mosaics_0_a78cea8d373510afdb1d.jpg"], "captions": ["train_batch0.jpg", "train_batch1.jpg", "train_batch2.jpg"]}, "train/box_loss": 0.08688068389892578, "train/obj_loss": 0.21256695687770844, "train/cls_loss": 0.019278358668088913, "metrics/precision": 0.41233761044827916, "metrics/recall": 0.09199124507007027, "metrics/mAP_0.5": 0.057672420235971494, "metrics/mAP_0.5:0.95": 0.02128757701006215, "val/box_loss": 0.08326539397239685, "val/obj_loss": 0.22377705574035645, "val/cls_loss": 0.01805076189339161, "x/lr0": 0.00998002884071386, "x/lr1": 0.00998002884071386, "x/lr2": 0.00998002884071386, "_timestamp": 1716524937.7560017, "_runtime": 3218.1476707458496, "_step": 10}