{"Labels": [], "Mosaics": {"_type": "images/separated", "width": 1920, "height": 1920, "format": "jpg", "count": 3, "filenames": ["media/images/Mosaics_0_703e3eee00bb6686e531.jpg", "media/images/Mosaics_0_bc2ffcd9c44770a35801.jpg", "media/images/Mosaics_0_056165ba68a36dd031f3.jpg"], "captions": ["train_batch0.jpg", "train_batch1.jpg", "train_batch2.jpg"]}, "train/box_loss": 0.07078978419303894, "train/obj_loss": 0.19194462895393372, "train/cls_loss": 0.012548222206532955, "metrics/precision": 0.4430192798103941, "metrics/recall": 0.2015177054088042, "metrics/mAP_0.5": 0.16580484763882675, "metrics/mAP_0.5:0.95": 0.07204145125047545, "val/box_loss": 0.0684681311249733, "val/obj_loss": 0.20743319392204285, "val/cls_loss": 0.013475671410560608, "x/lr0": 0.004244540022823468, "x/lr1": 0.004244540022823468, "x/lr2": 0.004244540022823468, "_timestamp": 1716000831.5185997, "_runtime": 165968.34760069847, "_step": 178, "BoundingBoxDebugger": {"_type": "images/separated", "width": 672, "height": 384, "format": "png", "count": 16, "filenames": ["media/images/BoundingBoxDebugger_149_06340922fd492ffc5672.png", "media/images/BoundingBoxDebugger_149_567c84fc3d13b76a4bd4.png", "media/images/BoundingBoxDebugger_149_b0025c8c55c804361033.png", "media/images/BoundingBoxDebugger_149_f43412fbc8806426b931.png", "media/images/BoundingBoxDebugger_149_44394a7291b2000605ab.png", "media/images/BoundingBoxDebugger_149_7591bab62e6fa4799a89.png", "media/images/BoundingBoxDebugger_149_70238c7ff12ace057d84.png", "media/images/BoundingBoxDebugger_149_ff4d454aca842b5f3b16.png", "media/images/BoundingBoxDebugger_149_0a1e7a495417a162ce7d.png", "media/images/BoundingBoxDebugger_149_991fd3b4118a1977c290.png", "media/images/BoundingBoxDebugger_149_ce69d7a19a6f5ab8a9cf.png", "media/images/BoundingBoxDebugger_149_e4e99dd13360a785eae5.png", "media/images/BoundingBoxDebugger_149_8fff04c09bc22ff148d4.png", "media/images/BoundingBoxDebugger_149_0115f9255bc95771636a.png", "media/images/BoundingBoxDebugger_149_d9cd219cffdae58be5e4.png", "media/images/BoundingBoxDebugger_149_d4eaac8959f29f1d14fa.png"], "captions": ["0024b742-acbed4fb.jpg", "77bdbeb0-e5288446.jpg", "77d72c41-e83412fd.jpg", "77f6feb6-5ab41f6a.jpg", "78029eb7-571e5613.jpg", "7814206e-a54d194a.jpg", "78149e5c-8d66a946.jpg", "78224671-bd244c60.jpg", "7825f1f3-f160e8b4.jpg", "7832aaf8-5f3e4055.jpg", "7845672e-70941703.jpg", "787d7f6f-f80b50d9.jpg", "788d8c75-f60bc92c.jpg", "7894db56-7cf87478.jpg", "7899083e-20126843.jpg", "78a2af1a-2e48e85e.jpg"], "all_boxes": [{"predictions": {"_type": "boxes2D", "sha256": "3d80231c507797a00519e8899dcdcf162f8196aff8d125e32d5140c3d6adef7f", "size": 71901, "path": "media/metadata/boxes2D/BoundingBoxDebugger_149_3d80231c507797a00519.boxes2D.json"}}, {"predictions": {"_type": "boxes2D", "sha256": "a960ffcdf9ae8554f79ea2943b8a36434d579f599f9539cc98e31be9b281807f", "size": 62188, "path": "media/metadata/boxes2D/BoundingBoxDebugger_149_a960ffcdf9ae8554f79e.boxes2D.json"}}, {"predictions": {"_type": "boxes2D", "sha256": "17a13f96edb015401b15d2c1f966ad4b7d6c117201f51879f22e05c1d796d247", "size": 71807, "path": "media/metadata/boxes2D/BoundingBoxDebugger_149_17a13f96edb015401b15.boxes2D.json"}}, {"predictions": {"_type": "boxes2D", "sha256": "2ac0b04c808773e3e940042268282b23e0812008c6af8f884bdd6dd351a0da12", "size": 71832, "path": "media/metadata/boxes2D/BoundingBoxDebugger_149_2ac0b04c808773e3e940.boxes2D.json"}}, {"predictions": {"_type": "boxes2D", "sha256": "aab9f9d0ebbee08b1a161a3e1442b821659c0b03c4358b31f3ce2dd6c6b65bec", "size": 71773, "path": "media/metadata/boxes2D/BoundingBoxDebugger_149_aab9f9d0ebbee08b1a16.boxes2D.json"}}, {"predictions": {"_type": "boxes2D", "sha256": "040968d3e6d66cf291f01c217a877fe372e16a18c87b7642547f10dd991b6bce", "size": 71130, "path": "media/metadata/boxes2D/BoundingBoxDebugger_149_040968d3e6d66cf291f0.boxes2D.json"}}, {"predictions": {"_type": "boxes2D", "sha256": "2ce32108557c21c8c2c00e19081fcec1fec33cf60d21a91851f7b71ad4417df3", "size": 72053, "path": "media/metadata/boxes2D/BoundingBoxDebugger_149_2ce32108557c21c8c2c0.boxes2D.json"}}, {"predictions": {"_type": "boxes2D", "sha256": "a56476659a7b5c8e3bd0631fdc35dfc663600a39a9b0d9988db3ed8cfafe2f47", "size": 50860, "path": "media/metadata/boxes2D/BoundingBoxDebugger_149_a56476659a7b5c8e3bd0.boxes2D.json"}}, {"predictions": {"_type": "boxes2D", "sha256": "1edebb8fe4d0f793cc3c84f46939ecdae5d62cdc23fc47af8d52a9a8adfc6f9f", "size": 55253, "path": "media/metadata/boxes2D/BoundingBoxDebugger_149_1edebb8fe4d0f793cc3c.boxes2D.json"}}, {"predictions": {"_type": "boxes2D", "sha256": "30e8eeaa41544a8308b63a93a1e92ab1a04e345e6aa1e2dae40af0ac5a14dcab", "size": 71537, "path": "media/metadata/boxes2D/BoundingBoxDebugger_149_30e8eeaa41544a8308b6.boxes2D.json"}}, {"predictions": {"_type": "boxes2D", "sha256": "72da343ae75d6870f2ae46b8a10f39d0a74a30e31378cdcab640df5f189681ce", "size": 71599, "path": "media/metadata/boxes2D/BoundingBoxDebugger_149_72da343ae75d6870f2ae.boxes2D.json"}}, {"predictions": {"_type": "boxes2D", "sha256": "5dec46014bad12298a4557801738c326a8496ad04cd09f0f5d269bdaed63e6c6", "size": 30977, "path": "media/metadata/boxes2D/BoundingBoxDebugger_149_5dec46014bad12298a45.boxes2D.json"}}, {"predictions": {"_type": "boxes2D", "sha256": "cd549e27201f1335f957961eff667c0d32cf4d4b3f7730efbfee2bcd0d03368d", "size": 71592, "path": "media/metadata/boxes2D/BoundingBoxDebugger_149_cd549e27201f1335f957.boxes2D.json"}}, {"predictions": {"_type": "boxes2D", "sha256": "b1b6aa6544576e19a220e7dea55d2609ac5975ea3e1787afb87355f5bfaf199f", "size": 71638, "path": "media/metadata/boxes2D/BoundingBoxDebugger_149_b1b6aa6544576e19a220.boxes2D.json"}}, {"predictions": {"_type": "boxes2D", "sha256": "933878aa7c1c5f26b4254e79e234378ec730767e0b65bd4109d7327bcc8e1f80", "size": 71944, "path": "media/metadata/boxes2D/BoundingBoxDebugger_149_933878aa7c1c5f26b425.boxes2D.json"}}, {"predictions": {"_type": "boxes2D", "sha256": "e909c86b921570f1c6427c4d699ef90b0df1c4f11b66d27b95b0db574b5af5c4", "size": 71897, "path": "media/metadata/boxes2D/BoundingBoxDebugger_149_e909c86b921570f1c642.boxes2D.json"}}]}}