{"Labels": [], "Mosaics": {"_type": "images/separated", "width": 1920, "height": 1920, "format": "jpg", "count": 3, "filenames": ["media/images/Mosaics_0_30f7c4a0bea92d050923.jpg", "media/images/Mosaics_0_88ebcc19629e0111fbbf.jpg", "media/images/Mosaics_0_02c1d4b44b4cebb1585a.jpg"], "captions": ["train_batch0.jpg", "train_batch1.jpg", "train_batch2.jpg"]}, "train/box_loss": 0.10648609697818756, "train/obj_loss": 0.2149178832769394, "train/cls_loss": 0.02688065730035305, "metrics/precision": 0.9450250391182594, "metrics/recall": 0.01539207157947061, "metrics/mAP_0.5": 0.013989458843521586, "metrics/mAP_0.5:0.95": 0.003493953837411861, "val/box_loss": 0.10176214575767517, "val/obj_loss": 0.23663917183876038, "val/cls_loss": 0.025379400700330734, "x/lr0": 0.009993680268663131, "x/lr1": 0.009993680268663131, "x/lr2": 0.01004701360199646, "_timestamp": 1716432555.6034284, "_runtime": 1018.072847366333, "_step": 2}