{"Labels": [], "Mosaics": {"_type": "images/separated", "width": 1920, "height": 1920, "format": "jpg", "count": 3, "filenames": ["media/images/Mosaics_0_6e048b7f2a768a2f5dcc.jpg", "media/images/Mosaics_0_c3ee72b7bea0baf7d8b2.jpg", "media/images/Mosaics_0_bd1774f7a3c8a4fe289f.jpg"], "captions": ["train_batch0.jpg", "train_batch1.jpg", "train_batch2.jpg"]}, "train/box_loss": 0.11607246845960617, "train/obj_loss": 0.20231996476650238, "train/cls_loss": 0.030807677656412125, "metrics/precision": 0.624095507483147, "metrics/recall": 0.010751832981235242, "metrics/mAP_0.5": 0.004340697650374452, "metrics/mAP_0.5:0.95": 0.0009015658665107964, "val/box_loss": 0.11127210408449173, "val/obj_loss": 0.2205290049314499, "val/cls_loss": 0.028778361156582832, "x/lr0": 0.006661168973023392, "x/lr1": 0.006661168973023392, "x/lr2": 0.04004783563969006, "_timestamp": 1716468858.1465483, "_runtime": 698.1754531860352, "_step": 1}