{"Labels": [], "Mosaics": {"_type": "images/separated", "width": 1920, "height": 1920, "format": "jpg", "count": 3, "filenames": ["media/images/Mosaics_0_9b5718e293a1bc4acd05.jpg", "media/images/Mosaics_0_aef99d73fd3b0ca1b3dd.jpg", "media/images/Mosaics_0_0efca5f0da2b8ce1949f.jpg"], "captions": ["train_batch0.jpg", "train_batch1.jpg", "train_batch2.jpg"]}, "train/box_loss": 0.07871130853891373, "train/obj_loss": 0.20250850915908813, "train/cls_loss": 0.01565007120370865, "metrics/precision": 0.38229739857145906, "metrics/recall": 0.13706934672860302, "metrics/mAP_0.5": 0.104608906958859, "metrics/mAP_0.5:0.95": 0.043512351734039084, "val/box_loss": 0.07662778347730637, "val/obj_loss": 0.21544353663921356, "val/cls_loss": 0.015326316468417645, "x/lr0": 0.0049827828227821, "x/lr1": 0.0049827828227821, "x/lr2": 0.0049827828227821, "_timestamp": 1716259845.1242046, "_runtime": 49960.671991586685, "_step": 162, "BoundingBoxDebugger": {"_type": "images/separated", "width": 672, "height": 384, "format": "png", "count": 16, "filenames": ["media/images/BoundingBoxDebugger_149_06340922fd492ffc5672.png", "media/images/BoundingBoxDebugger_149_567c84fc3d13b76a4bd4.png", "media/images/BoundingBoxDebugger_149_b0025c8c55c804361033.png", "media/images/BoundingBoxDebugger_149_f43412fbc8806426b931.png", "media/images/BoundingBoxDebugger_149_44394a7291b2000605ab.png", "media/images/BoundingBoxDebugger_149_7591bab62e6fa4799a89.png", "media/images/BoundingBoxDebugger_149_70238c7ff12ace057d84.png", "media/images/BoundingBoxDebugger_149_ff4d454aca842b5f3b16.png", "media/images/BoundingBoxDebugger_149_0a1e7a495417a162ce7d.png", "media/images/BoundingBoxDebugger_149_991fd3b4118a1977c290.png", "media/images/BoundingBoxDebugger_149_ce69d7a19a6f5ab8a9cf.png", "media/images/BoundingBoxDebugger_149_e4e99dd13360a785eae5.png", "media/images/BoundingBoxDebugger_149_8fff04c09bc22ff148d4.png", "media/images/BoundingBoxDebugger_149_0115f9255bc95771636a.png", "media/images/BoundingBoxDebugger_149_d9cd219cffdae58be5e4.png", "media/images/BoundingBoxDebugger_149_d4eaac8959f29f1d14fa.png"], "captions": ["0024b742-acbed4fb.jpg", "77bdbeb0-e5288446.jpg", "77d72c41-e83412fd.jpg", "77f6feb6-5ab41f6a.jpg", "78029eb7-571e5613.jpg", "7814206e-a54d194a.jpg", "78149e5c-8d66a946.jpg", "78224671-bd244c60.jpg", "7825f1f3-f160e8b4.jpg", "7832aaf8-5f3e4055.jpg", "7845672e-70941703.jpg", "787d7f6f-f80b50d9.jpg", "788d8c75-f60bc92c.jpg", "7894db56-7cf87478.jpg", "7899083e-20126843.jpg", "78a2af1a-2e48e85e.jpg"], "all_boxes": [{"predictions": {"_type": "boxes2D", "sha256": "9ef24494df39498c6ca6292faa42bdb9509c489750a88e5f3bb3b67863583e76", "size": 71901, "path": "media/metadata/boxes2D/BoundingBoxDebugger_149_9ef24494df39498c6ca6.boxes2D.json"}}, {"predictions": {"_type": "boxes2D", "sha256": "21760fdc6b8294559e8d79261d8bd3ecea6a168ac8ce782dea0bc3680a8e1b66", "size": 71747, "path": "media/metadata/boxes2D/BoundingBoxDebugger_149_21760fdc6b8294559e8d.boxes2D.json"}}, {"predictions": {"_type": "boxes2D", "sha256": "59ffe3d98eea985d0e57c306dccd1a8de0b623f06d25fb51195ba92e84baa404", "size": 71595, "path": "media/metadata/boxes2D/BoundingBoxDebugger_149_59ffe3d98eea985d0e57.boxes2D.json"}}, {"predictions": {"_type": "boxes2D", "sha256": "b1c7f5f436da3e315fc86bc8ca69ea3479cc3a4fab27d529eb3877fd7ebd301d", "size": 71593, "path": "media/metadata/boxes2D/BoundingBoxDebugger_149_b1c7f5f436da3e315fc8.boxes2D.json"}}, {"predictions": {"_type": "boxes2D", "sha256": "00ff0188c4a0e497f3b0d9fc8016bd2ad2629ae1bac671a9f51f0227c81285db", "size": 71877, "path": "media/metadata/boxes2D/BoundingBoxDebugger_149_00ff0188c4a0e497f3b0.boxes2D.json"}}, {"predictions": {"_type": "boxes2D", "sha256": "9a2bba9e2112a048d7c819efebfeb12181a30d1906edb5df3a95cc58ba15f112", "size": 71693, "path": "media/metadata/boxes2D/BoundingBoxDebugger_149_9a2bba9e2112a048d7c8.boxes2D.json"}}, {"predictions": {"_type": "boxes2D", "sha256": "87fa92038d69c3a46da8a3d7b95a1dbe8b72378c164fc4ba532c861b946fd6c5", "size": 71952, "path": "media/metadata/boxes2D/BoundingBoxDebugger_149_87fa92038d69c3a46da8.boxes2D.json"}}, {"predictions": {"_type": "boxes2D", "sha256": "04afb73cbc03b72033678ec46b0b1ce2f0ab57aeb351fe99aff511ec371097a5", "size": 69343, "path": "media/metadata/boxes2D/BoundingBoxDebugger_149_04afb73cbc03b7203367.boxes2D.json"}}, {"predictions": {"_type": "boxes2D", "sha256": "5d7c94754b329617e1512e3853326b4e4341c547e8d0fe6cdf79504664367905", "size": 71660, "path": "media/metadata/boxes2D/BoundingBoxDebugger_149_5d7c94754b329617e151.boxes2D.json"}}, {"predictions": {"_type": "boxes2D", "sha256": "4162ffa9506d19aeb165b7a480f6483bd7b8b3a9c7e1dba0582c1759ef565687", "size": 71333, "path": "media/metadata/boxes2D/BoundingBoxDebugger_149_4162ffa9506d19aeb165.boxes2D.json"}}, {"predictions": {"_type": "boxes2D", "sha256": "f90caf4893e5ae22b84472ebcfa4784348e606d8d520e97e3f0aec3e67dd7a29", "size": 71374, "path": "media/metadata/boxes2D/BoundingBoxDebugger_149_f90caf4893e5ae22b844.boxes2D.json"}}, {"predictions": {"_type": "boxes2D", "sha256": "ba67134cd3bc18f0a8c16bbc98d1c0be589c7b709ea77d2c64eecce84c87c980", "size": 38353, "path": "media/metadata/boxes2D/BoundingBoxDebugger_149_ba67134cd3bc18f0a8c1.boxes2D.json"}}, {"predictions": {"_type": "boxes2D", "sha256": "e069bc3633e0183052c473ed617a4d9aa9167cda8bfb299a34bebf67b6b2b346", "size": 71444, "path": "media/metadata/boxes2D/BoundingBoxDebugger_149_e069bc3633e0183052c4.boxes2D.json"}}, {"predictions": {"_type": "boxes2D", "sha256": "516ace81a8572574c78f31727486741318551e0c9285923ef5c3056d4c87a190", "size": 71631, "path": "media/metadata/boxes2D/BoundingBoxDebugger_149_516ace81a8572574c78f.boxes2D.json"}}, {"predictions": {"_type": "boxes2D", "sha256": "4d63486ef596706c6327275cfa2799be9c8abc2d8af7c97202c50b34b44e473e", "size": 71696, "path": "media/metadata/boxes2D/BoundingBoxDebugger_149_4d63486ef596706c6327.boxes2D.json"}}, {"predictions": {"_type": "boxes2D", "sha256": "cfb9c40f064e1abc6b318e81f4b5956c32b74d665932c0a1b8e0d5849ea159f0", "size": 71723, "path": "media/metadata/boxes2D/BoundingBoxDebugger_149_cfb9c40f064e1abc6b31.boxes2D.json"}}]}}