{"Labels": [], "Mosaics": {"_type": "images/separated", "width": 1920, "height": 1920, "format": "jpg", "count": 3, "filenames": ["media/images/Mosaics_0_703e3eee00bb6686e531.jpg", "media/images/Mosaics_0_bc2ffcd9c44770a35801.jpg", "media/images/Mosaics_0_056165ba68a36dd031f3.jpg"], "captions": ["train_batch0.jpg", "train_batch1.jpg", "train_batch2.jpg"]}, "train/box_loss": 0.08960286527872086, "train/obj_loss": 0.21461518108844757, "train/cls_loss": 0.020513342693448067, "metrics/precision": 0.39953729768014584, "metrics/recall": 0.08438490830510571, "metrics/mAP_0.5": 0.05179218143091962, "metrics/mAP_0.5:0.95": 0.018577911794891128, "val/box_loss": 0.08564158529043198, "val/obj_loss": 0.2260632961988449, "val/cls_loss": 0.01925206370651722, "x/lr0": 0.009993832906395583, "x/lr1": 0.009993832906395583, "x/lr2": 0.009993832906395583, "_timestamp": 1715834833.6569333, "_runtime": 6342.58568239212, "_step": 6}