{"Labels": [], "Mosaics": {"_type": "images/separated", "width": 1920, "height": 1920, "format": "jpg", "count": 3, "filenames": ["media/images/Mosaics_0_a754e6fdf67b8f63d2bb.jpg", "media/images/Mosaics_0_211cd63c44fc1e039db6.jpg", "media/images/Mosaics_0_952468de74afa90cf8af.jpg"], "captions": ["train_batch0.jpg", "train_batch1.jpg", "train_batch2.jpg"]}, "train/box_loss": 0.09508877247571945, "train/obj_loss": 0.21780641376972198, "train/cls_loss": 0.022326478734612465, "metrics/precision": 0.4446074944518813, "metrics/recall": 0.06204255395743534, "metrics/mAP_0.5": 0.035449036284955444, "metrics/mAP_0.5:0.95": 0.011658364121933124, "val/box_loss": 0.09011361002922058, "val/obj_loss": 0.2285974621772766, "val/cls_loss": 0.020863255485892296, "x/lr0": 0.009997779521645793, "x/lr1": 0.009997779521645793, "x/lr2": 0.009997779521645793, "_timestamp": 1716434498.2262537, "_runtime": 1618.9708766937256, "_step": 4}