{"Labels": [], "Mosaics": {"_type": "images/separated", "width": 1920, "height": 1920, "format": "jpg", "count": 3, "filenames": ["media/images/Mosaics_0_55c6c1f01b0a1f4ad2fb.jpg", "media/images/Mosaics_0_a53297f89e335b434874.jpg", "media/images/Mosaics_0_f7debdb9ae7390817ff0.jpg"], "captions": ["train_batch0.jpg", "train_batch1.jpg", "train_batch2.jpg"]}, "train/box_loss": 0.12131280452013016, "train/obj_loss": 0.2015826255083084, "train/cls_loss": 0.0380544438958168, "metrics/precision": 0.9283489028297264, "metrics/recall": 0.008479768171913898, "metrics/mAP_0.5": 0.0026062682556213792, "metrics/mAP_0.5:0.95": 0.0005239241604782491, "val/box_loss": 0.11510428041219711, "val/obj_loss": 0.21582414209842682, "val/cls_loss": 0.032564472407102585, "x/lr0": 0.0033280000000000002, "x/lr1": 0.0033280000000000002, "x/lr2": 0.070048, "_timestamp": 1716468007.4460652, "_runtime": 387.5698001384735, "_step": 0}