{"Labels": [], "Mosaics": {"_type": "images/separated", "width": 1920, "height": 1920, "format": "jpg", "count": 3, "filenames": ["media/images/Mosaics_0_1ec33bb62de101283e7d.jpg", "media/images/Mosaics_0_88ebcc19629e0111fbbf.jpg", "media/images/Mosaics_0_27e611f78aa9757c96ad.jpg"], "captions": ["train_batch0.jpg", "train_batch1.jpg", "train_batch2.jpg"]}, "train/box_loss": 0.06896994262933731, "train/obj_loss": 0.18723544478416443, "train/cls_loss": 0.011328933760523796, "metrics/precision": 0.47146057275797754, "metrics/recall": 0.20166377376758232, "metrics/mAP_0.5": 0.1758786114310107, "metrics/mAP_0.5:0.95": 0.0751459821799067, "val/box_loss": 0.06804592907428741, "val/obj_loss": 0.209034264087677, "val/cls_loss": 0.013676469214260578, "x/lr0": 0.0010009869243631953, "x/lr1": 0.0010009869243631953, "x/lr2": 0.0010009869243631953, "_timestamp": 1715738690.8771968, "_runtime": 247083.12803578377, "_step": 300, "BoundingBoxDebugger": {"_type": "images/separated", "width": 672, "height": 384, "format": "png", "count": 16, "filenames": ["media/images/BoundingBoxDebugger_299_06340922fd492ffc5672.png", "media/images/BoundingBoxDebugger_299_567c84fc3d13b76a4bd4.png", "media/images/BoundingBoxDebugger_299_b0025c8c55c804361033.png", "media/images/BoundingBoxDebugger_299_f43412fbc8806426b931.png", "media/images/BoundingBoxDebugger_299_44394a7291b2000605ab.png", "media/images/BoundingBoxDebugger_299_7591bab62e6fa4799a89.png", "media/images/BoundingBoxDebugger_299_70238c7ff12ace057d84.png", "media/images/BoundingBoxDebugger_299_ff4d454aca842b5f3b16.png", "media/images/BoundingBoxDebugger_299_0a1e7a495417a162ce7d.png", "media/images/BoundingBoxDebugger_299_991fd3b4118a1977c290.png", "media/images/BoundingBoxDebugger_299_ce69d7a19a6f5ab8a9cf.png", "media/images/BoundingBoxDebugger_299_e4e99dd13360a785eae5.png", "media/images/BoundingBoxDebugger_299_8fff04c09bc22ff148d4.png", "media/images/BoundingBoxDebugger_299_0115f9255bc95771636a.png", "media/images/BoundingBoxDebugger_299_d9cd219cffdae58be5e4.png", "media/images/BoundingBoxDebugger_299_d4eaac8959f29f1d14fa.png"], "captions": ["0024b742-acbed4fb.jpg", "77bdbeb0-e5288446.jpg", "77d72c41-e83412fd.jpg", "77f6feb6-5ab41f6a.jpg", "78029eb7-571e5613.jpg", "7814206e-a54d194a.jpg", "78149e5c-8d66a946.jpg", "78224671-bd244c60.jpg", "7825f1f3-f160e8b4.jpg", "7832aaf8-5f3e4055.jpg", "7845672e-70941703.jpg", "787d7f6f-f80b50d9.jpg", "788d8c75-f60bc92c.jpg", "7894db56-7cf87478.jpg", "7899083e-20126843.jpg", "78a2af1a-2e48e85e.jpg"], "all_boxes": [{"predictions": {"_type": "boxes2D", "sha256": "b8c0142f14dc5f818b75fd2ce64dcd2f7128bc18c530b58e377dcb6c56f70d28", "size": 53574, "path": "media/metadata/boxes2D/BoundingBoxDebugger_299_b8c0142f14dc5f818b75.boxes2D.json"}}, {"predictions": {"_type": "boxes2D", "sha256": "cf94ad66c94e89bc73a7944f25e25fabe37779c112fd39036826d0cf76414133", "size": 47897, "path": "media/metadata/boxes2D/BoundingBoxDebugger_299_cf94ad66c94e89bc73a7.boxes2D.json"}}, {"predictions": {"_type": "boxes2D", "sha256": "267031677ba47d07a5e10d03d390b9c09eae9b6d4e866f8cd088e5b4a3f37622", "size": 71948, "path": "media/metadata/boxes2D/BoundingBoxDebugger_299_267031677ba47d07a5e1.boxes2D.json"}}, {"predictions": {"_type": "boxes2D", "sha256": "d8a856807906f3f0122c6094ace50850945cc316e8cb46d26d3eace93b56f3c3", "size": 71731, "path": "media/metadata/boxes2D/BoundingBoxDebugger_299_d8a856807906f3f0122c.boxes2D.json"}}, {"predictions": {"_type": "boxes2D", "sha256": "2766e60785cea66e332f79f6fe16b3fff2356800e323d3512f209c05c8991bce", "size": 71841, "path": "media/metadata/boxes2D/BoundingBoxDebugger_299_2766e60785cea66e332f.boxes2D.json"}}, {"predictions": {"_type": "boxes2D", "sha256": "c85234c76afd3f5cd1963b7e9772d4325ddff336c3d02a5df1813cbb0f14bb09", "size": 60519, "path": "media/metadata/boxes2D/BoundingBoxDebugger_299_c85234c76afd3f5cd196.boxes2D.json"}}, {"predictions": {"_type": "boxes2D", "sha256": "e6739c599dab28788eee32687fbd3e64ea86c4b167cc2df2f62a3fda2a9dd79d", "size": 72002, "path": "media/metadata/boxes2D/BoundingBoxDebugger_299_e6739c599dab28788eee.boxes2D.json"}}, {"predictions": {"_type": "boxes2D", "sha256": "810cef4b8683deb97ab2e07155552ec7bee039fae65d3121eeaa67c244559671", "size": 35979, "path": "media/metadata/boxes2D/BoundingBoxDebugger_299_810cef4b8683deb97ab2.boxes2D.json"}}, {"predictions": {"_type": "boxes2D", "sha256": "b81b3a5f6667224bb04c4798af8c89168ceb96f0e2ede277f10d155557072d23", "size": 46491, "path": "media/metadata/boxes2D/BoundingBoxDebugger_299_b81b3a5f6667224bb04c.boxes2D.json"}}, {"predictions": {"_type": "boxes2D", "sha256": "63211a98c0eb1ec6ff38a733b9db3a38dc68e9ccda3d5baa3d40b1814265e46d", "size": 71527, "path": "media/metadata/boxes2D/BoundingBoxDebugger_299_63211a98c0eb1ec6ff38.boxes2D.json"}}, {"predictions": {"_type": "boxes2D", "sha256": "17b1b84d2974278597fef1daa662cc70750ed6f2c9c9ce65682f05c2d5f7ec50", "size": 71605, "path": "media/metadata/boxes2D/BoundingBoxDebugger_299_17b1b84d2974278597fe.boxes2D.json"}}, {"predictions": {"_type": "boxes2D", "sha256": "42f3a16be49d48d339c28931921879ab59af2a221f33f14ae372432d08b50d60", "size": 19010, "path": "media/metadata/boxes2D/BoundingBoxDebugger_299_42f3a16be49d48d339c2.boxes2D.json"}}, {"predictions": {"_type": "boxes2D", "sha256": "01f529b8bcf573b9f659d2cecd012a996c534f479d079952bd23bcc81da16a77", "size": 71538, "path": "media/metadata/boxes2D/BoundingBoxDebugger_299_01f529b8bcf573b9f659.boxes2D.json"}}, {"predictions": {"_type": "boxes2D", "sha256": "e82eb6988f9455c68df2af7cffe44e6d6d812363a6eaa126cd809367daf6a347", "size": 71629, "path": "media/metadata/boxes2D/BoundingBoxDebugger_299_e82eb6988f9455c68df2.boxes2D.json"}}, {"predictions": {"_type": "boxes2D", "sha256": "1c5918d1a5d8409db0ad9ec0d3d7a90ca3e3ffde9c7bc2a2537137725515c8e4", "size": 71975, "path": "media/metadata/boxes2D/BoundingBoxDebugger_299_1c5918d1a5d8409db0ad.boxes2D.json"}}, {"predictions": {"_type": "boxes2D", "sha256": "2d83eb98b0eb046860fb316d84a3395c878f2d85bc89523a31a56a7a2fd7f38a", "size": 71725, "path": "media/metadata/boxes2D/BoundingBoxDebugger_299_2d83eb98b0eb046860fb.boxes2D.json"}}]}, "Validation": {"_type": "images/separated", "width": 1920, "height": 1100, "format": "jpg", "count": 6, "filenames": ["media/images/Validation_300_b7ff89509c0f2b5857d0.jpg", "media/images/Validation_300_8094737a251022243902.jpg", "media/images/Validation_300_b35ce249ca8b882d7bef.jpg", "media/images/Validation_300_f070ff87d640b54871ea.jpg", "media/images/Validation_300_29998af902beaa6a03e7.jpg", "media/images/Validation_300_73341fd318a00270164c.jpg"], "captions": ["val_batch0_labels.jpg", "val_batch0_pred.jpg", "val_batch1_labels.jpg", "val_batch1_pred.jpg", "val_batch2_labels.jpg", "val_batch2_pred.jpg"]}, "Results": {"_type": "images/separated", "width": 2400, "height": 1200, "format": "png", "count": 6, "filenames": ["media/images/Results_300_44c42156f1699c899e0b.png", "media/images/Results_300_1afce70f37a91f4740da.png", "media/images/Results_300_a9129e24a00741e91099.png", "media/images/Results_300_b594316f8c60c6a9a3da.png", "media/images/Results_300_3eadb6ed0f2771384d5f.png", "media/images/Results_300_15611d439fdfe39c04ce.png"], "captions": ["results.png", "confusion_matrix.png", "F1_curve.png", "PR_curve.png", "P_curve.png", "R_curve.png"]}, "_wandb": {"runtime": 247056}}