{"Labels": [], "Mosaics": {"_type": "images/separated", "width": 1920, "height": 1920, "format": "jpg", "count": 3, "filenames": ["media/images/Mosaics_0_af58c4f0b88cb3bb165a.jpg", "media/images/Mosaics_0_c7964cab2dcb9b3df12f.jpg", "media/images/Mosaics_0_54c1c794a30125b854f4.jpg"], "captions": ["train_batch0.jpg", "train_batch1.jpg", "train_batch2.jpg"]}, "train/box_loss": 0.07164115458726883, "train/obj_loss": 0.19801583886146545, "train/cls_loss": 0.014076768420636654, "metrics/precision": 0.4695300879797013, "metrics/recall": 0.18644232270097913, "metrics/mAP_0.5": 0.15975220595558245, "metrics/mAP_0.5:0.95": 0.06672535368474578, "val/box_loss": 0.06848539412021637, "val/obj_loss": 0.20746013522148132, "val/cls_loss": 0.013630098663270473, "x/lr0": 0.009221862584235529, "x/lr1": 0.009221862584235529, "x/lr2": 0.009221862584235529, "_timestamp": 1716464065.4675474, "_runtime": 22308.126106500626, "_step": 58, "BoundingBoxDebugger": {"_type": "images/separated", "width": 672, "height": 384, "format": "png", "count": 16, "filenames": ["media/images/BoundingBoxDebugger_29_06340922fd492ffc5672.png", "media/images/BoundingBoxDebugger_29_567c84fc3d13b76a4bd4.png", "media/images/BoundingBoxDebugger_29_b0025c8c55c804361033.png", "media/images/BoundingBoxDebugger_29_f43412fbc8806426b931.png", "media/images/BoundingBoxDebugger_29_44394a7291b2000605ab.png", "media/images/BoundingBoxDebugger_29_7591bab62e6fa4799a89.png", "media/images/BoundingBoxDebugger_29_70238c7ff12ace057d84.png", "media/images/BoundingBoxDebugger_29_ff4d454aca842b5f3b16.png", "media/images/BoundingBoxDebugger_29_0a1e7a495417a162ce7d.png", "media/images/BoundingBoxDebugger_29_991fd3b4118a1977c290.png", "media/images/BoundingBoxDebugger_29_ce69d7a19a6f5ab8a9cf.png", "media/images/BoundingBoxDebugger_29_e4e99dd13360a785eae5.png", "media/images/BoundingBoxDebugger_29_8fff04c09bc22ff148d4.png", "media/images/BoundingBoxDebugger_29_0115f9255bc95771636a.png", "media/images/BoundingBoxDebugger_29_d9cd219cffdae58be5e4.png", "media/images/BoundingBoxDebugger_29_d4eaac8959f29f1d14fa.png"], "captions": ["0024b742-acbed4fb.jpg", "77bdbeb0-e5288446.jpg", "77d72c41-e83412fd.jpg", "77f6feb6-5ab41f6a.jpg", "78029eb7-571e5613.jpg", "7814206e-a54d194a.jpg", "78149e5c-8d66a946.jpg", "78224671-bd244c60.jpg", "7825f1f3-f160e8b4.jpg", "7832aaf8-5f3e4055.jpg", "7845672e-70941703.jpg", "787d7f6f-f80b50d9.jpg", "788d8c75-f60bc92c.jpg", "7894db56-7cf87478.jpg", "7899083e-20126843.jpg", "78a2af1a-2e48e85e.jpg"], "all_boxes": [{"predictions": {"_type": "boxes2D", "sha256": "c8de77ac7ce75792890bc51c050bc9fd3b6df2bb2962b55025347dd4ee4e9787", "size": 71818, "path": "media/metadata/boxes2D/BoundingBoxDebugger_29_c8de77ac7ce75792890b.boxes2D.json"}}, {"predictions": {"_type": "boxes2D", "sha256": "c3525a464265cd5c5516740f28a4df02a56a975bee8043e9c8f70ee6c44f5207", "size": 71784, "path": "media/metadata/boxes2D/BoundingBoxDebugger_29_c3525a464265cd5c5516.boxes2D.json"}}, {"predictions": {"_type": "boxes2D", "sha256": "865bd7428a33f5860bc5698cb4540fa8afc278d240be45f0788638668d7234ec", "size": 71683, "path": "media/metadata/boxes2D/BoundingBoxDebugger_29_865bd7428a33f5860bc5.boxes2D.json"}}, {"predictions": {"_type": "boxes2D", "sha256": "d22f865e0923b40a81acb23494c736b6e1fe10cab2278a9e81709d2525c8370d", "size": 71609, "path": "media/metadata/boxes2D/BoundingBoxDebugger_29_d22f865e0923b40a81ac.boxes2D.json"}}, {"predictions": {"_type": "boxes2D", "sha256": "a6f83b63ae28ee91b0241f2eee49c7d51ab82f42ad2a90b1aba1f19c41315bc2", "size": 71815, "path": "media/metadata/boxes2D/BoundingBoxDebugger_29_a6f83b63ae28ee91b024.boxes2D.json"}}, {"predictions": {"_type": "boxes2D", "sha256": "8100bee2f766ef5bb9a41e76b33ac49139abd214ba9028c19c72812d1b34063f", "size": 71753, "path": "media/metadata/boxes2D/BoundingBoxDebugger_29_8100bee2f766ef5bb9a4.boxes2D.json"}}, {"predictions": {"_type": "boxes2D", "sha256": "e87afa10b40063d35f041b654674b4ba0cfc6fd411a0f5e6423ff8027a9bd4e2", "size": 71796, "path": "media/metadata/boxes2D/BoundingBoxDebugger_29_e87afa10b40063d35f04.boxes2D.json"}}, {"predictions": {"_type": "boxes2D", "sha256": "b54d73bca442c31cc988593f722ab1bb0e508dbc866eb80d24fe986a18b37d89", "size": 71833, "path": "media/metadata/boxes2D/BoundingBoxDebugger_29_b54d73bca442c31cc988.boxes2D.json"}}, {"predictions": {"_type": "boxes2D", "sha256": "153626e51689b1efdf82870ab139cc5759a840789a41b659a4af76f8acbec443", "size": 71803, "path": "media/metadata/boxes2D/BoundingBoxDebugger_29_153626e51689b1efdf82.boxes2D.json"}}, {"predictions": {"_type": "boxes2D", "sha256": "3e96e6cf4422051e72d056e2049153dab47a6919c92949134a0955e7a10c39d0", "size": 71351, "path": "media/metadata/boxes2D/BoundingBoxDebugger_29_3e96e6cf4422051e72d0.boxes2D.json"}}, {"predictions": {"_type": "boxes2D", "sha256": "2d81f1d75f47c621e34a5ee95478bd250fdfc771dc790dd16b2576bcaebeb104", "size": 71367, "path": "media/metadata/boxes2D/BoundingBoxDebugger_29_2d81f1d75f47c621e34a.boxes2D.json"}}, {"predictions": {"_type": "boxes2D", "sha256": "3cb5e34250902e7c70ea4e611a7a42a41c8cee544aa09f75a21e8993a7014b5d", "size": 38111, "path": "media/metadata/boxes2D/BoundingBoxDebugger_29_3cb5e34250902e7c70ea.boxes2D.json"}}, {"predictions": {"_type": "boxes2D", "sha256": "1354ca8960f2933af656328649482ca3e1999d90945571834087a3fd0138d6ca", "size": 71585, "path": "media/metadata/boxes2D/BoundingBoxDebugger_29_1354ca8960f2933af656.boxes2D.json"}}, {"predictions": {"_type": "boxes2D", "sha256": "9d833fce4e520ea42ae0b9151cc1686fda36bb9a2b17da7bf4dcd553c7171aee", "size": 71583, "path": "media/metadata/boxes2D/BoundingBoxDebugger_29_9d833fce4e520ea42ae0.boxes2D.json"}}, {"predictions": {"_type": "boxes2D", "sha256": "8210d584261b61ee4260236fa10426712ae95e5f8db0612ac3e9415b2ce44cb5", "size": 71721, "path": "media/metadata/boxes2D/BoundingBoxDebugger_29_8210d584261b61ee4260.boxes2D.json"}}, {"predictions": {"_type": "boxes2D", "sha256": "c65fe7bde7da76e59de4b871f7d6a8e5ef46435af19472700b7d48e7e0effe5d", "size": 71723, "path": "media/metadata/boxes2D/BoundingBoxDebugger_29_c65fe7bde7da76e59de4.boxes2D.json"}}]}, "_wandb": {"runtime": 22635}}